,단어,빈도
0,10,29
1,12,1
2,13,2
3,15,1
4,15pm,1
5,17,1
6,18th,1
7,1928,1
8,1947,1
9,1948,1
10,1949,1
11,1971,1
12,1973,1
13,1980,1
14,1986,1
15,1995,1
16,1998,1
17,20,3
18,2005,1
19,2006,1
20,20th,2
21,25,2
22,30,2
23,40,1
24,50,2
25,54,1
26,70,1
27,70000,1
28,70s,1
29,80,2
30,80s,1
31,8pm,1
32,90,6
33,95,1
34,aailiyah,1
35,abandoned,1
36,ability,3
37,about,50
38,above,2
39,abroad,1
40,absolutely,9
41,abstruse,1
42,abysmal,2
43,academy,1
44,accents,1
45,accessible,1
46,acclaimed,1
47,accolades,1
48,accurate,1
49,accurately,1
50,accused,2
51,achievement,2
52,achille,1
53,ackerman,1
54,act,2
55,acted,3
56,acting,43
57,action,7
58,actions,1
59,actor,10
60,actors,19
61,actress,3
62,actresses,3
63,actually,10
64,adams,1
65,adaptation,2
66,add,1
67,added,1
68,addition,3
69,admins,1
70,admiration,1
71,admitted,1
72,adorable,4
73,adrift,1
74,adventure,1
75,advise,2
76,aerial,3
77,aesthetically,1
78,affected,1
79,affleck,1
80,afraid,2
81,africa,2
82,after,13
83,afternoon,1
84,again,13
85,against,1
86,age,4
87,aged,1
88,ages,1
89,ago,2
90,agree,1
91,agreed,1
92,aimless,1
93,air,2
94,aired,1
95,akasha,1
96,akin,1
97,alert,1
98,alexander,2
99,alike,1
100,all,65
101,allison,1
102,allow,1
103,allowing,1
104,almost,9
105,along,3
106,alongside,1
107,already,4
108,also,25
109,although,3
110,always,4
111,am,9
112,amateurish,1
113,amaze,1
114,amazed,1
115,amazing,9
116,amazingly,1
117,america,2
118,american,2
119,americans,2
120,among,2
121,amount,5
122,amusing,1
123,an,55
124,anatomist,1
125,and,434
126,angel,3
127,angela,1
128,angeles,2
129,angelina,1
130,angle,1
131,angles,2
132,angry,1
133,anguish,1
134,angus,1
135,animals,1
136,animated,1
137,animation,3
138,anita,1
139,ann,1
140,anne,3
141,anniversary,1
142,annoying,6
143,another,7
144,anthony,1
145,antithesis,1
146,any,21
147,anyone,15
148,anything,8
149,anyway,1
150,apart,1
151,appalling,2
152,appealing,2
153,appearance,3
154,appears,1
155,applauded,1
156,applause,1
157,appreciate,4
158,appropriate,1
159,apt,1
160,are,75
161,aren,3
162,argued,1
163,armageddon,1
164,armand,1
165,around,7
166,array,1
167,art,13
168,articulated,1
169,artiness,1
170,artist,2
171,artistic,1
172,artless,1
173,arts,1
174,as,94
175,aside,2
176,ask,2
177,asleep,2
178,aspect,2
179,aspects,1
180,ass,2
181,assante,1
182,assaulted,1
183,assistant,2
184,astonishingly,1
185,astronaut,2
186,at,55
187,atmosphere,1
188,atrocious,1
189,atrocity,1
190,attempt,4
191,attempted,1
192,attempting,1
193,attempts,2
194,attention,3
195,attractive,1
196,audience,5
197,audio,1
198,aurvåg,1
199,austen,1
200,austere,1
201,author,1
202,average,3
203,aversion,1
204,avoid,8
205,avoided,1
206,award,1
207,awarded,1
208,awards,1
209,away,5
210,awesome,3
211,awful,14
212,awkwardly,1
213,aye,1
214,baaaaaad,1
215,babbling,1
216,babie,1
217,baby,1
218,babysitting,1
219,back,4
220,backdrop,1
221,backed,1
222,bad,71
223,badly,2
224,bag,1
225,bailey,1
226,bakery,1
227,balance,2
228,balanced,2
229,ball,1
230,ballet,1
231,balls,1
232,band,1
233,barcelona,1
234,barely,4
235,barking,1
236,barney,1
237,barren,1
238,based,1
239,basic,1
240,basically,2
241,bat,1
242,bates,1
243,baxendale,1
244,be,53
245,bear,2
246,beautiful,11
247,beautifully,2
248,became,2
249,because,25
250,bechard,1
251,become,4
252,becomes,1
253,been,12
254,before,6
255,began,2
256,begin,2
257,beginning,4
258,behind,1
259,behold,1
260,being,12
261,bela,1
262,believable,6
263,believe,8
264,believed,1
265,bell,1
266,bellucci,1
267,belly,1
268,belmondo,1
269,below,2
270,ben,1
271,bendingly,1
272,bennett,1
273,bergen,1
274,bertolucci,1
275,best,25
276,better,18
277,betty,2
278,between,10
279,beware,1
280,beyond,5
281,bible,1
282,big,10
283,biggest,1
284,billy,3
285,biographical,1
286,bipolarity,1
287,bit,5
288,bitchy,1
289,black,10
290,blah,1
291,blake,1
292,bland,1
293,blandly,1
294,blare,1
295,blatant,1
296,blew,1
297,blood,2
298,blown,1
299,blue,1
300,blush,1
301,boasts,1
302,bob,1
303,body,1
304,bohemian,1
305,boiling,1
306,bold,2
307,bombardments,1
308,bond,1
309,bonding,1
310,bonus,1
311,bonuses,1
312,boobs,1
313,boogeyman,1
314,book,4
315,boost,1
316,bop,1
317,bordered,1
318,borderlines,1
319,borders,1
320,bore,3
321,bored,4
322,boring,10
323,borrowed,1
324,boss,1
325,both,15
326,bother,2
327,bothersome,1
328,bought,3
329,box,1
330,boyfriend,1
331,boyle,1
332,brain,3
333,brainsucking,1
334,brat,1
335,breaking,1
336,breeders,1
337,brevity,1
338,brian,2
339,brief,2
340,brigand,1
341,bright,1
342,brilliance,3
343,brilliant,6
344,brilliantly,1
345,bring,2
346,brings,1
347,broad,1
348,broke,1
349,brooding,1
350,brother,1
351,brutal,1
352,buddy,1
353,budget,7
354,buffalo,1
355,buffet,1
356,build,1
357,builders,1
358,buildings,1
359,built,1
360,bullock,2
361,bully,1
362,bunch,2
363,burton,1
364,business,2
365,but,93
366,buy,2
367,by,49
368,cable,1
369,cailles,1
370,california,1
371,call,2
372,called,3
373,calls,1
374,came,4
375,cameo,1
376,camera,10
377,camerawork,2
378,camp,1
379,campy,1
380,can,36
381,canada,2
382,cancan,1
383,candace,1
384,candle,1
385,cannot,2
386,cant,1
387,captain,1
388,captured,1
389,captures,1
390,car,1
391,card,1
392,cardboard,2
393,cardellini,1
394,care,5
395,carol,1
396,carrell,1
397,carries,1
398,carry,1
399,cars,1
400,cartoon,3
401,cartoons,2
402,case,2
403,cases,1
404,cast,18
405,casted,1
406,casting,6
407,cat,1
408,catchy,1
409,caught,1
410,cause,2
411,ceases,2
412,celebration,1
413,celebrity,1
414,celluloid,1
415,centers,1
416,central,2
417,century,2
418,certain,1
419,certainly,8
420,cg,1
421,cgi,1
422,chalkboard,1
423,challenges,1
424,chance,2
425,change,2
426,changes,1
427,changing,1
428,channel,1
429,character,24
430,characterisation,1
431,characters,35
432,charisma,2
433,charismatic,1
434,charles,4
435,charlie,1
436,charm,2
437,charming,3
438,chase,1
439,chasing,1
440,cheap,7
441,cheaply,1
442,check,1
443,checking,3
444,cheek,1
445,cheekbones,1
446,cheerfull,1
447,cheerless,1
448,cheesiness,1
449,cheesy,2
450,chemistry,4
451,chick,2
452,child,5
453,childhood,2
454,children,3
455,childrens,1
456,chills,1
457,chilly,2
458,chimp,1
459,chodorov,1
460,choice,2
461,choices,1
462,choked,1
463,chosen,1
464,chow,1
465,christmas,2
466,christopher,1
467,church,2
468,cinema,8
469,cinematic,1
470,cinematographers,1
471,cinematography,10
472,circumstances,1
473,class,1
474,classic,6
475,classical,1
476,clear,1
477,clearly,2
478,clever,5
479,cliche,1
480,clichés,3
481,clients,1
482,cliff,1
483,climax,1
484,close,3
485,closed,1
486,clothes,1
487,club,1
488,co,1
489,coach,1
490,coal,1
491,coastal,1
492,coaster,1
493,coherent,1
494,cold,1
495,cole,2
496,collect,1
497,collective,1
498,colored,1
499,colorful,1
500,colours,1
501,columbo,1
502,come,5
503,comedic,1
504,comedy,7
505,comes,4
506,comfortable,1
507,comforting,1
508,comical,1
509,coming,3
510,commands,1
511,comment,1
512,commentary,1
513,commented,1
514,comments,1
515,commercial,1
516,community,1
517,company,1
518,compelling,2
519,competent,1
520,complete,3
521,completed,1
522,completely,5
523,complex,2
524,complexity,1
525,composed,1
526,composition,2
527,comprehensible,1
528,compromise,1
529,computer,2
530,concentrate,1
531,conception,1
532,conceptually,1
533,concerning,1
534,concerns,1
535,concert,1
536,conclusion,3
537,condescends,1
538,confidence,1
539,configuration,1
540,confirm,1
541,conflict,3
542,confuses,1
543,confusing,1
544,connections,1
545,connery,2
546,connor,1
547,conrad,1
548,consequences,1
549,consider,4
550,considerable,1
551,considered,1
552,considering,2
553,considers,1
554,consistent,1
555,consolations,1
556,constant,1
557,constantine,1
558,constructed,1
559,contained,2
560,containing,1
561,contains,2
562,content,1
563,continually,1
564,continuation,1
565,continue,1
566,continuity,2
567,continuously,1
568,contract,1
569,contrast,2
570,contributing,1
571,contributory,1
572,contrived,1
573,control,2
574,controversy,1
575,convention,1
576,convey,1
577,convince,1
578,convincing,4
579,convoluted,1
580,cool,7
581,coppola,2
582,cords,1
583,core,2
584,corn,1
585,corny,1
586,correct,1
587,cost,2
588,costs,4
589,costumes,2
590,cotton,1
591,could,21
592,couldn,5
593,couple,1
594,course,3
595,court,1
596,courtroom,2
597,cover,4
598,cowardice,1
599,cox,1
600,crackles,1
601,crafted,2
602,crap,6
603,crash,1
604,crashed,1
605,crayon,1
606,crayons,1
607,crazy,2
608,create,2
609,created,4
610,creates,2
611,creative,1
612,creativity,1
613,creature,1
614,credible,1
615,credit,3
616,credits,1
617,crew,1
618,crime,1
619,crisp,1
620,critic,1
621,critical,1
622,crocdodile,1
623,crocs,1
624,cross,1
625,crowd,2
626,crowe,1
627,cruel,1
628,cruise,1
629,cry,1
630,cult,5
631,culture,2
632,curtain,1
633,custer,1
634,cute,2
635,cutest,1
636,cutie,1
637,cutouts,1
638,cuts,1
639,cutting,1
640,dads,1
641,damian,1
642,damn,2
643,dance,4
644,dancing,3
645,dangerous,2
646,dark,2
647,darren,1
648,daughter,2
649,daughters,1
650,day,5
651,days,1
652,de,2
653,dead,2
654,deadly,1
655,deadpan,1
656,deal,1
657,dealt,1
658,death,4
659,debated,1
660,debbie,1
661,debits,1
662,debut,1
663,decay,2
664,decent,3
665,decidely,1
666,decipher,1
667,decisions,1
668,dedication,2
669,dee,1
670,deep,1
671,deeply,2
672,defensemen,1
673,defined,1
674,definitely,9
675,delete,1
676,delight,2
677,delightful,1
678,delights,1
679,deliver,1
680,delivered,1
681,delivering,2
682,delivers,3
683,dependant,1
684,depending,1
685,depends,1
686,depicted,1
687,depicts,2
688,depressing,2
689,depth,4
690,derivative,1
691,describe,2
692,describes,1
693,desert,1
694,deserved,2
695,deserves,2
696,deserving,2
697,design,1
698,designed,1
699,designer,1
700,desperately,1
701,desperation,1
702,despised,1
703,despite,2
704,destroy,1
705,detailing,1
706,details,1
707,develop,1
708,development,1
709,developments,1
710,di,1
711,diabetic,1
712,dialog,3
713,dialogs,1
714,dialogue,13
715,diaper,1
716,dickens,1
717,did,11
718,didn,22
719,difference,1
720,different,5
721,dignity,1
722,dimensional,1
723,direct,1
724,directed,3
725,directing,9
726,direction,5
727,director,12
728,directorial,2
729,directors,2
730,disappointed,6
731,disappointing,2
732,disappointment,2
733,disaster,2
734,disbelief,1
735,discomfort,1
736,discovering,2
737,discovery,1
738,disgrace,1
739,disgusting,1
740,dislike,2
741,disliked,2
742,disney,1
743,disparate,1
744,distant,1
745,distinction,1
746,distorted,1
747,distract,1
748,distressed,1
749,disturbing,2
750,diving,1
751,do,22
752,doctor,2
753,documentaries,2
754,documentary,3
755,dodge,1
756,does,9
757,doesn,12
758,dogs,2
759,doing,2
760,dollars,1
761,dominated,1
762,don,26
763,done,8
764,donlevy,1
765,dont,1
766,doomed,1
767,dosen,1
768,doubt,1
769,down,4
770,downs,1
771,dozen,1
772,dr,1
773,dracula,1
774,draft,1
775,drag,1
776,drago,4
777,drama,10
778,dramatic,2
779,drawings,1
780,drawn,1
781,dream,1
782,dreams,2
783,dreary,1
784,dribble,1
785,drift,1
786,drifting,1
787,drive,3
788,drooling,1
789,dropped,1
790,dry,1
791,due,3
792,duet,2
793,dull,2
794,dumb,2
795,dumbest,1
796,duper,1
797,during,4
798,duris,1
799,dustin,1
800,dvd,3
801,dwight,1
802,dysfunction,1
803,each,7
804,earlier,3
805,early,3
806,earth,2
807,easily,4
808,easy,4
809,eating,1
810,ebay,1
811,ebola,1
812,eccleston,1
813,ed,3
814,edge,2
815,editing,6
816,edition,1
817,educational,1
818,edward,1
819,effect,1
820,effective,3
821,effects,9
822,effort,1
823,efforts,1
824,egotism,1
825,eighth,1
826,eiko,1
827,either,4
828,elaborately,1
829,elderly,1
830,elegant,1
831,element,2
832,elias,1
833,eloquently,1
834,else,5
835,elsewhere,1
836,embarrassed,1
837,embarrassing,3
838,embassy,1
839,emerge,1
840,emilio,2
841,emily,2
842,emoting,1
843,emotion,1
844,emotionally,1
845,emotions,3
846,emperor,1
847,empowerment,1
848,emptiness,1
849,empty,2
850,en,1
851,enchanting,1
852,end,11
853,endearing,1
854,ended,1
855,ending,11
856,endlessly,1
857,ends,1
858,energetic,1
859,energy,4
860,engaging,2
861,english,1
862,enhanced,1
863,enjoy,5
864,enjoyable,3
865,enjoyed,9
866,enjoyment,1
867,enough,11
868,enter,1
869,enterprise,1
870,entertained,1
871,entertaining,4
872,entire,6
873,entirely,2
874,entrance,1
875,episode,3
876,episodes,1
877,equivalent,1
878,era,2
879,errol,2
880,errors,1
881,escalating,1
882,escapism,1
883,especially,8
884,essence,1
885,establish,1
886,established,1
887,estate,1
888,estevez,2
889,etc,3
890,european,2
891,evaluate,1
892,even,40
893,events,1
894,ever,29
895,every,20
896,everybody,1
897,everyone,8
898,everything,16
899,everywhere,1
900,evidently,1
901,evil,2
902,evinced,1
903,evokes,1
904,exactly,3
905,exaggerating,1
906,example,3
907,excellent,16
908,excellently,2
909,except,1
910,exceptional,2
911,exceptionally,1
912,excerpts,1
913,excessively,1
914,exchange,1
915,exciting,1
916,excruciatingly,1
917,excuse,1
918,excuses,1
919,executed,1
920,exemplars,1
921,existent,1
922,existential,1
923,expansive,1
924,expect,4
925,expectations,1
926,expected,1
927,expecting,1
928,experience,7
929,experiences,1
930,expert,1
931,explain,2
932,explains,1
933,explanation,2
934,exploit,1
935,explorations,1
936,explosion,1
937,expression,1
938,exquisite,2
939,extant,1
940,exteriors,1
941,extraneous,1
942,extraordinary,1
943,extremely,4
944,eye,2
945,eyes,4
946,fabulous,1
947,face,5
948,faces,1
949,facial,1
950,facing,1
951,fact,8
952,factory,1
953,failed,1
954,fails,5
955,fair,1
956,fairly,1
957,faithful,1
958,fall,2
959,falling,1
960,falls,1
961,falsely,1
962,falwell,1
963,fame,1
964,famed,1
965,family,7
966,famous,1
967,fan,3
968,fanciful,1
969,fans,5
970,fantastic,3
971,fantasy,1
972,far,7
973,farce,1
974,fare,1
975,fascinated,1
976,fascinating,2
977,fascination,1
978,fashioned,1
979,fast,5
980,faster,1
981,fat,2
982,father,2
983,faultless,1
984,fausa,1
985,faux,3
986,favorite,1
987,favourite,3
988,fear,3
989,feature,1
990,features,3
991,feel,3
992,feeling,10
993,feelings,1
994,feet,1
995,feisty,1
996,fellowes,1
997,felt,5
998,female,2
999,females,1
1000,ferry,1
1001,fest,1
1002,few,6
1003,fi,2
1004,fields,1
1005,fifteen,2
1006,fifties,1
1007,fill,1
1008,film,163
1009,filmed,2
1010,filmiing,1
1011,filmmaker,1
1012,filmography,1
1013,films,24
1014,final,3
1015,finale,1
1016,finally,3
1017,financial,1
1018,find,10
1019,finds,1
1020,fine,5
1021,finest,1
1022,fingernails,1
1023,finished,1
1024,fire,1
1025,first,11
1026,fish,1
1027,fishnet,1
1028,fisted,1
1029,fit,2
1030,five,2
1031,flag,1
1032,flakes,1
1033,flaming,1
1034,flashbacks,1
1035,flat,2
1036,flaw,1
1037,flawed,2
1038,flaws,2
1039,fleshed,1
1040,flick,6
1041,flicks,1
1042,florida,1
1043,flowed,1
1044,flying,1
1045,flynn,2
1046,focus,2
1047,fodder,1
1048,follow,4
1049,following,2
1050,follows,1
1051,foolish,1
1052,footage,3
1053,football,1
1054,for,105
1055,force,1
1056,forced,1
1057,forces,2
1058,ford,1
1059,foreign,1
1060,foreigner,1
1061,forever,1
1062,forget,2
1063,forgettable,1
1064,forgetting,1
1065,forgot,1
1066,forgotten,1
1067,form,2
1068,format,1
1069,former,1
1070,fort,1
1071,forth,1
1072,forwarded,1
1073,found,8
1074,four,1
1075,fox,2
1076,foxx,1
1077,frances,1
1078,francis,1
1079,frankly,2
1080,free,3
1081,freedom,2
1082,freeman,1
1083,french,2
1084,fresh,2
1085,freshness,1
1086,friends,2
1087,friendship,1
1088,frightening,3
1089,from,46
1090,front,2
1091,frontier,1
1092,frost,1
1093,frustration,1
1094,fulci,2
1095,fulfilling,1
1096,full,5
1097,fully,1
1098,fumbling,1
1099,fun,5
1100,function,1
1101,fundamental,1
1102,funniest,1
1103,funny,19
1104,further,1
1105,future,2
1106,fx,3
1107,gabriel,1
1108,gadget,1
1109,gain,1
1110,gake,1
1111,galley,1
1112,gallon,1
1113,game,9
1114,games,3
1115,garage,1
1116,garbage,7
1117,garbo,1
1118,garfield,1
1119,gas,1
1120,gaudi,1
1121,gave,5
1122,gay,1
1123,geek,1
1124,gem,3
1125,general,1
1126,generally,4
1127,generates,1
1128,generic,1
1129,genius,2
1130,genre,2
1131,gently,1
1132,genuine,3
1133,george,1
1134,gerardo,1
1135,gere,1
1136,get,14
1137,gets,6
1138,getting,1
1139,ghibili,1
1140,giallo,3
1141,gibberish,1
1142,gifted,1
1143,giovanni,1
1144,girl,7
1145,girlfriend,2
1146,girls,1
1147,girolamo,1
1148,give,11
1149,given,3
1150,gives,6
1151,giving,1
1152,glad,4
1153,glance,2
1154,glasses,1
1155,gloriously,1
1156,go,14
1157,goalies,1
1158,god,4
1159,goes,2
1160,going,10
1161,gone,1
1162,gonna,2
1163,good,58
1164,gore,1
1165,goremeister,1
1166,gorman,1
1167,gosh,1
1168,got,8
1169,goth,1
1170,gotta,1
1171,gotten,1
1172,government,1
1173,grace,3
1174,grade,1
1175,gradually,1
1176,grainy,1
1177,granted,1
1178,graphics,3
1179,grasp,1
1180,grates,1
1181,great,41
1182,greatest,3
1183,greatness,1
1184,green,1
1185,greenstreet,1
1186,grew,1
1187,grim,1
1188,grimes,1
1189,gripping,2
1190,groove,1
1191,gross,1
1192,ground,1
1193,guards,1
1194,guess,5
1195,guests,1
1196,guilt,1
1197,gung,1
1198,guy,2
1199,guys,2
1200,hackneyed,2
1201,had,20
1202,hadn,1
1203,haggis,1
1204,hair,1
1205,hairsplitting,1
1206,half,6
1207,halfway,1
1208,ham,1
1209,hand,2
1210,handle,1
1211,handled,2
1212,handles,1
1213,hands,2
1214,hang,1
1215,hankies,1
1216,hanks,1
1217,happen,3
1218,happened,3
1219,happiness,1
1220,happy,1
1221,hard,4
1222,harris,1
1223,has,38
1224,hasn,1
1225,hate,2
1226,hated,2
1227,hatred,1
1228,have,49
1229,haven,3
1230,havilland,1
1231,having,6
1232,hay,1
1233,hayao,1
1234,hayworth,1
1235,hbo,1
1236,he,42
1237,head,3
1238,heads,1
1239,hear,2
1240,heard,2
1241,heart,3
1242,hearts,1
1243,heartwarming,1
1244,heaven,2
1245,heche,1
1246,heels,1
1247,heist,1
1248,helen,1
1249,hell,2
1250,hellish,1
1251,helms,1
1252,help,1
1253,helping,1
1254,helps,2
1255,hence,2
1256,hendrikson,1
1257,her,22
1258,here,16
1259,hernandez,1
1260,hero,1
1261,heroes,1
1262,heroine,1
1263,heroism,1
1264,hes,1
1265,hide,1
1266,high,2
1267,higher,1
1268,highest,1
1269,highlights,1
1270,highly,10
1271,hilarious,6
1272,hill,3
1273,hilt,1
1274,him,6
1275,himself,1
1276,hip,1
1277,his,42
1278,history,6
1279,hitchcock,6
1280,ho,1
1281,hockey,1
1282,hoffman,1
1283,hold,1
1284,holding,1
1285,holds,1
1286,holes,6
1287,hollander,1
1288,hollow,2
1289,hollywood,2
1290,home,2
1291,homework,1
1292,honest,1
1293,honestly,2
1294,hoot,1
1295,hope,4
1296,hopefully,1
1297,hopeless,1
1298,horrendous,1
1299,horrendously,1
1300,horrible,6
1301,horrid,1
1302,horrified,1
1303,horror,9
1304,horse,1
1305,hosting,1
1306,hot,1
1307,hour,5
1308,hours,4
1309,house,3
1310,houses,1
1311,how,32
1312,howdy,1
1313,howe,1
1314,howell,1
1315,however,10
1316,huge,4
1317,hugo,1
1318,human,6
1319,humanity,1
1320,humans,1
1321,hummh,1
1322,humor,1
1323,humorous,2
1324,humour,2
1325,hurt,1
1326,huston,3
1327,hype,1
1328,hypocrisy,1
1329,idea,4
1330,idealogical,1
1331,identified,1
1332,identifies,1
1333,identify,2
1334,idiot,2
1335,idiotic,1
1336,idyllic,1
1337,if,45
1338,iffy,1
1339,im,1
1340,imaginable,2
1341,imagination,4
1342,imaginative,2
1343,imagine,1
1344,imdb,1
1345,imitation,1
1346,impact,1
1347,imperial,1
1348,implausible,2
1349,important,3
1350,impossible,1
1351,impressed,2
1352,impression,1
1353,impressive,2
1354,improved,1
1355,improvement,1
1356,improvisation,1
1357,impulse,1
1358,in,203
1359,inappropriate,1
1360,incendiary,1
1361,includes,1
1362,including,3
1363,incomprehensible,1
1364,inconsistencies,1
1365,incorrectness,1
1366,incredible,6
1367,incredibly,3
1368,indeed,4
1369,indescribably,1
1370,indication,1
1371,indictment,1
1372,indie,1
1373,individual,1
1374,indoor,1
1375,indulgent,3
1376,industry,2
1377,ineptly,1
1378,inexperience,1
1379,inexplicable,1
1380,initially,1
1381,innocence,1
1382,insane,1
1383,inside,1
1384,insincere,1
1385,insipid,1
1386,insomniacs,1
1387,inspiration,1
1388,inspiring,1
1389,instant,1
1390,instead,2
1391,instruments,1
1392,insulin,1
1393,insult,4
1394,intangibles,1
1395,integral,1
1396,integration,1
1397,intelligence,4
1398,intelligent,4
1399,intense,1
1400,intensity,1
1401,intentions,1
1402,interacting,1
1403,interest,3
1404,interested,2
1405,interesting,12
1406,interim,1
1407,interplay,2
1408,interpretations,1
1409,interview,1
1410,into,17
1411,intoning,1
1412,intrigued,1
1413,inventive,1
1414,involved,5
1415,involves,1
1416,involving,1
1417,iq,1
1418,ireland,1
1419,ironically,1
1420,irons,1
1421,ironside,1
1422,irritating,1
1423,is,340
1424,ishioka,1
1425,isn,3
1426,issue,1
1427,issues,2
1428,it,325
1429,italian,2
1430,its,24
1431,itself,4
1432,ive,1
1433,jack,1
1434,jaclyn,1
1435,james,4
1436,jamie,2
1437,japanese,1
1438,jason,1
1439,jay,1
1440,jealousy,1
1441,jean,2
1442,jennifer,1
1443,jerky,2
1444,jerry,1
1445,jessica,1
1446,jessice,1
1447,jet,1
1448,jim,1
1449,jimmy,2
1450,job,9
1451,jobs,2
1452,joe,2
1453,john,7
1454,joins,1
1455,joke,2
1456,jokes,1
1457,jonah,2
1458,jones,1
1459,journey,3
1460,joy,5
1461,joyce,1
1462,juano,1
1463,judge,1
1464,judging,1
1465,judith,1
1466,judo,1
1467,julian,1
1468,june,2
1469,junk,1
1470,junkyard,2
1471,just,63
1472,justice,1
1473,jutland,1
1474,kanaly,1
1475,kathy,1
1476,keep,4
1477,keeps,2
1478,keira,1
1479,keith,1
1480,kept,1
1481,kevin,1
1482,kid,1
1483,kidnapped,1
1484,kids,8
1485,kieslowski,1
1486,kill,1
1487,killer,2
1488,killing,2
1489,killings,1
1490,kind,8
1491,kinda,2
1492,kirk,1
1493,kitchy,1
1494,knew,3
1495,knightley,1
1496,knocked,1
1497,know,14
1498,known,2
1499,knows,1
1500,koteas,1
1501,kris,1
1502,kristoffersen,1
1503,kudos,1
1504,la,1
1505,labute,1
1506,lack,1
1507,lacked,2
1508,lacks,6
1509,ladies,1
1510,lady,1
1511,lame,5
1512,lance,1
1513,landscapes,1
1514,lane,2
1515,lange,2
1516,largely,1
1517,laselva,1
1518,lassie,1
1519,last,4
1520,lasting,1
1521,latched,1
1522,late,1
1523,later,1
1524,latest,1
1525,latifa,1
1526,latin,1
1527,latter,1
1528,laugh,2
1529,laughable,3
1530,laughed,1
1531,laughs,1
1532,layers,1
1533,lazy,2
1534,lead,5
1535,leading,1
1536,leap,1
1537,learn,3
1538,least,9
1539,leave,2
1540,leaves,2
1541,leaving,1
1542,lee,1
1543,left,3
1544,legal,1
1545,legendary,1
1546,length,2
1547,leni,1
1548,less,4
1549,lesser,2
1550,lestat,1
1551,let,5
1552,lets,1
1553,letting,1
1554,level,4
1555,levels,2
1556,lewis,1
1557,lid,1
1558,lie,1
1559,lies,1
1560,lieutenant,1
1561,life,12
1562,lifetime,1
1563,light,2
1564,lighting,2
1565,like,48
1566,liked,10
1567,likes,2
1568,lilli,1
1569,lilt,1
1570,limitations,1
1571,limited,1
1572,linda,1
1573,line,12
1574,linear,1
1575,lines,7
1576,lino,1
1577,lion,3
1578,list,2
1579,literally,2
1580,littered,1
1581,little,17
1582,lived,1
1583,lives,2
1584,living,4
1585,ll,7
1586,loads,2
1587,local,1
1588,location,3
1589,locations,1
1590,loewenhielm,1
1591,logic,1
1592,london,1
1593,loneliness,2
1594,long,8
1595,longer,1
1596,look,19
1597,looked,4
1598,looking,3
1599,looks,3
1600,loose,1
1601,loosely,1
1602,lord,2
1603,los,2
1604,losing,2
1605,lost,4
1606,lot,9
1607,lots,3
1608,lousy,2
1609,lovable,1
1610,love,22
1611,loved,10
1612,lovely,4
1613,loves,1
1614,low,5
1615,lower,1
1616,loyalty,1
1617,lucio,1
1618,lucy,2
1619,lugosi,1
1620,lust,1
1621,luv,1
1622,lyrics,1
1623,macbeth,2
1624,machine,2
1625,mad,2
1626,made,27
1627,magnificent,1
1628,main,3
1629,mainly,1
1630,major,1
1631,make,22
1632,maker,1
1633,makers,1
1634,makes,8
1635,making,6
1636,male,2
1637,males,1
1638,malta,1
1639,man,13
1640,managed,1
1641,manages,1
1642,manna,1
1643,mansonites,1
1644,many,14
1645,marbles,1
1646,march,1
1647,marine,1
1648,marion,1
1649,mark,2
1650,marred,1
1651,marriage,1
1652,martin,3
1653,masculine,1
1654,masculinity,1
1655,massive,3
1656,master,4
1657,masterful,2
1658,masterpiece,2
1659,masterpieces,2
1660,material,2
1661,matrix,1
1662,matter,2
1663,matthews,1
1664,mature,3
1665,may,4
1666,maybe,4
1667,mchattie,1
1668,mclaglen,1
1669,me,22
1670,meagre,1
1671,mean,4
1672,meanders,1
1673,meaning,3
1674,meanings,1
1675,meant,1
1676,medical,1
1677,mediocre,4
1678,meld,1
1679,melodrama,1
1680,melville,1
1681,member,2
1682,members,1
1683,memorable,6
1684,memories,3
1685,memorized,1
1686,menace,1
1687,menacing,1
1688,mention,5
1689,mercy,2
1690,meredith,1
1691,merit,1
1692,mesmerising,1
1693,mess,8
1694,messages,1
1695,meteorite,1
1696,mexican,2
1697,michael,1
1698,mickey,4
1699,microsoft,1
1700,middle,1
1701,might,3
1702,mighty,1
1703,mind,5
1704,mindblowing,1
1705,miner,1
1706,mini,2
1707,minor,1
1708,minute,4
1709,minutes,8
1710,mirrormask,1
1711,miserable,1
1712,miserably,1
1713,mishima,2
1714,misplace,1
1715,miss,1
1716,missed,2
1717,mistakes,1
1718,miyazaki,3
1719,modern,2
1720,modest,1
1721,mollusk,1
1722,moment,3
1723,moments,2
1724,momentum,1
1725,money,6
1726,monica,1
1727,monolog,1
1728,monotonous,1
1729,monster,1
1730,monstrous,1
1731,monumental,1
1732,moral,2
1733,more,31
1734,morgan,2
1735,morons,1
1736,most,32
1737,mostly,6
1738,mother,2
1739,motion,1
1740,motivations,1
1741,mountain,1
1742,mouse,2
1743,mouth,2
1744,move,1
1745,moved,1
1746,movements,1
1747,moves,1
1748,movie,182
1749,movies,29
1750,moving,4
1751,ms,1
1752,mst3k,1
1753,much,20
1754,muddled,1
1755,muppets,1
1756,murder,1
1757,murdered,2
1758,murdering,1
1759,murky,1
1760,music,14
1761,musician,1
1762,must,8
1763,my,36
1764,myself,8
1765,mystifying,1
1766,naked,1
1767,narration,1
1768,narrative,3
1769,nasty,1
1770,national,1
1771,nationalities,1
1772,native,1
1773,natural,2
1774,nature,2
1775,naughty,1
1776,nc,1
1777,nearly,1
1778,necklace,1
1779,need,2
1780,needed,2
1781,needlessly,1
1782,negative,3
1783,negulesco,1
1784,neighbour,1
1785,neil,2
1786,nerves,1
1787,nervous,1
1788,net,1
1789,netflix,1
1790,network,1
1791,never,18
1792,nevertheless,1
1793,nevsky,1
1794,new,5
1795,next,3
1796,nice,6
1797,nicola,1
1798,night,5
1799,nimoy,1
1800,nine,1
1801,no,31
1802,noble,1
1803,nobody,3
1804,noir,2
1805,non,5
1806,none,2
1807,nonetheless,1
1808,nonsense,3
1809,nor,1
1810,normally,1
1811,northern,1
1812,nostalgia,1
1813,not,73
1814,notable,2
1815,notch,1
1816,note,3
1817,noteworthy,2
1818,nothing,14
1819,novella,1
1820,now,10
1821,number,1
1822,numbers,1
1823,nun,1
1824,nuns,1
1825,nurse,1
1826,nut,2
1827,nuts,2
1828,obliged,1
1829,obsessed,1
1830,obvious,2
1831,obviously,3
1832,occasionally,4
1833,occupied,2
1834,occur,1
1835,occurs,1
1836,odd,2
1837,of,377
1838,off,10
1839,offend,1
1840,offensive,2
1841,offer,1
1842,offers,2
1843,often,5
1844,oh,5
1845,okay,1
1846,old,8
1847,olde,1
1848,older,1
1849,ole,1
1850,olivia,1
1851,omit,1
1852,on,76
1853,once,1
1854,one,79
1855,ones,1
1856,only,30
1857,open,1
1858,opened,2
1859,opening,2
1860,operas,1
1861,opinion,1
1862,or,41
1863,ordeal,1
1864,oriented,1
1865,original,4
1866,originality,1
1867,origins,1
1868,ortolani,1
1869,oscar,3
1870,other,23
1871,others,1
1872,otherwise,1
1873,ought,1
1874,our,7
1875,out,42
1876,outlandish,1
1877,outlets,1
1878,outside,1
1879,outward,1
1880,over,18
1881,overacting,2
1882,overall,5
1883,overcome,1
1884,overdue,1
1885,overly,2
1886,overs,1
1887,overt,1
1888,overwrought,1
1889,owed,1
1890,owls,1
1891,own,6
1892,owned,2
1893,owns,1
1894,oy,1
1895,pace,1
1896,paced,3
1897,pacing,2
1898,pack,1
1899,paid,2
1900,painful,2
1901,painfully,1
1902,paint,1
1903,painted,1
1904,pair,1
1905,palance,1
1906,pandering,1
1907,pans,1
1908,paolo,1
1909,pap,1
1910,paper,1
1911,par,2
1912,parents,2
1913,park,1
1914,parker,1
1915,part,11
1916,partaking,1
1917,particular,3
1918,particularly,5
1919,parts,4
1920,passed,1
1921,passion,1
1922,past,2
1923,patent,1
1924,pathetic,5
1925,patriotism,1
1926,paul,3
1927,pay,1
1928,peaking,1
1929,pearls,1
1930,peculiarity,1
1931,pedestal,1
1932,pencil,1
1933,people,14
1934,perabo,1
1935,perfect,6
1936,perfected,1
1937,perfectly,3
1938,performance,12
1939,performances,6
1940,perhaps,4
1941,period,5
1942,perplexing,1
1943,person,1
1944,personalities,1
1945,personally,1
1946,peter,2
1947,pg,4
1948,phantasm,1
1949,phenomenal,1
1950,philippa,1
1951,phony,1
1952,photograph,1
1953,photography,3
1954,phrase,1
1955,physical,1
1956,pi,1
1957,picked,1
1958,picture,3
1959,pictures,2
1960,piece,10
1961,pieces,2
1962,pile,1
1963,pillow,1
1964,pitch,1
1965,pitiful,2
1966,pixar,1
1967,place,4
1968,places,3
1969,plain,4
1970,plane,1
1971,planned,1
1972,plants,1
1973,play,9
1974,played,10
1975,player,2
1976,players,1
1977,playing,7
1978,plays,3
1979,pleasant,1
1980,pleased,2
1981,pleaser,2
1982,pleasing,1
1983,pledge,1
1984,plenty,2
1985,plmer,1
1986,plot,28
1987,plug,1
1988,plus,3
1989,pm,1
1990,poet,1
1991,poetry,2
1992,poignant,1
1993,point,4
1994,pointillistic,1
1995,pointless,3
1996,poised,1
1997,poler,1
1998,political,1
1999,politically,1
2000,politics,1
2001,ponyo,2
2002,poor,6
2003,poorly,2
2004,popcorn,1
2005,popular,2
2006,portrayal,6
2007,portrayals,1
2008,portrayed,1
2009,portraying,2
2010,positive,1
2011,possible,3
2012,possibly,3
2013,post,1
2014,potted,1
2015,power,1
2016,powerful,1
2017,powerhouse,1
2018,practical,1
2019,practically,1
2020,pray,1
2021,precisely,1
2022,predict,1
2023,predictable,10
2024,predictably,2
2025,prejudice,1
2026,prelude,1
2027,premise,4
2028,prepared,1
2029,presence,2
2030,presents,3
2031,preservation,1
2032,president,1
2033,pretentious,4
2034,pretext,1
2035,pretty,13
2036,previous,2
2037,primal,1
2038,primary,1
2039,probably,8
2040,problem,2
2041,problems,4
2042,proceedings,2
2043,process,2
2044,produce,1
2045,produced,3
2046,producer,1
2047,producers,1
2048,product,1
2049,production,5
2050,professionals,1
2051,professor,1
2052,progresses,1
2053,promote,1
2054,prompted,1
2055,prone,1
2056,propaganda,1
2057,properly,1
2058,proud,2
2059,proudly,1
2060,provided,1
2061,provokes,1
2062,provoking,3
2063,ps,1
2064,pseudo,1
2065,psychological,2
2066,psychotic,1
2067,public,1
2068,pull,2
2069,pulling,1
2070,pulls,1
2071,punched,1
2072,punches,1
2073,punish,1
2074,punishment,1
2075,puppet,1
2076,puppets,3
2077,pure,3
2078,purity,1
2079,put,5
2080,putting,2
2081,puzzle,1
2082,pyromaniac,1
2083,quaid,1
2084,qualities,1
2085,quality,3
2086,question,2
2087,questioning,1
2088,quick,1
2089,quicker,1
2090,quiet,1
2091,quinn,2
2092,quite,10
2093,québec,1
2094,race,3
2095,racial,3
2096,racism,2
2097,radiant,1
2098,raging,1
2099,random,1
2100,range,1
2101,ranks,3
2102,rare,1
2103,rate,3
2104,rated,2
2105,rather,6
2106,rating,4
2107,ratings,2
2108,raver,1
2109,raw,1
2110,ray,4
2111,re,7
2112,reactions,2
2113,readers,1
2114,reading,2
2115,ready,3
2116,real,21
2117,realised,1
2118,realistic,2
2119,reality,2
2120,realize,1
2121,realized,1
2122,really,41
2123,reason,3
2124,reasonable,1
2125,reasons,1
2126,receive,1
2127,received,2
2128,recent,3
2129,recently,2
2130,recommend,13
2131,recommended,6
2132,reconciliation,1
2133,recover,1
2134,recurring,1
2135,redeemed,1
2136,redeeming,2
2137,reenactments,1
2138,references,2
2139,reflected,1
2140,refreshing,1
2141,regardless,1
2142,regret,2
2143,regrettable,1
2144,regrettably,1
2145,rejection,1
2146,relate,1
2147,related,1
2148,relation,1
2149,relations,2
2150,relationship,1
2151,relationships,2
2152,relatively,1
2153,relaxing,1
2154,release,1
2155,released,3
2156,relief,1
2157,relying,1
2158,remaining,2
2159,remake,3
2160,remarkable,1
2161,remember,3
2162,reminded,1
2163,remotely,2
2164,removing,1
2165,rendering,1
2166,rendition,1
2167,renowned,1
2168,rent,6
2169,repair,1
2170,repeated,1
2171,repeating,1
2172,repeats,1
2173,repertory,1
2174,reporter,1
2175,represents,1
2176,require,1
2177,rescue,1
2178,researched,1
2179,resounding,1
2180,respecting,1
2181,rest,4
2182,restrained,1
2183,result,2
2184,results,1
2185,resume,1
2186,retarded,1
2187,retreat,1
2188,return,2
2189,revealing,2
2190,revenge,1
2191,revere,1
2192,reverse,1
2193,review,2
2194,reviewer,2
2195,reviewers,1
2196,reviews,1
2197,rice,1
2198,rickman,1
2199,ridiculous,5
2200,ridiculousness,1
2201,right,13
2202,riot,1
2203,rips,1
2204,rise,1
2205,rita,1
2206,rivalry,1
2207,riveted,1
2208,riz,1
2209,road,1
2210,robert,2
2211,robotic,1
2212,rochon,1
2213,rocked,1
2214,rocks,1
2215,roeg,1
2216,role,4
2217,roles,4
2218,roller,1
2219,rolls,1
2220,romantic,1
2221,room,2
2222,roosevelt,1
2223,roth,1
2224,rough,1
2225,round,1
2226,routine,1
2227,row,1
2228,rpg,1
2229,rpger,1
2230,rubbish,1
2231,rubin,1
2232,rumbles,1
2233,run,2
2234,running,2
2235,ruthless,3
2236,ryan,1
2237,ryans,1
2238,sabotages,1
2239,sack,1
2240,sacrifice,1
2241,sad,1
2242,said,5
2243,sake,2
2244,salesman,1
2245,sam,1
2246,same,5
2247,sample,1
2248,sand,2
2249,sandra,2
2250,sappiest,1
2251,sarcophage,1
2252,sat,1
2253,satanic,1
2254,savalas,1
2255,savant,1
2256,save,1
2257,savor,1
2258,saw,12
2259,say,13
2260,says,1
2261,scale,3
2262,scamp,4
2263,scare,1
2264,scared,3
2265,scares,1
2266,scary,2
2267,scene,14
2268,scenery,3
2269,scenes,19
2270,schilling,1
2271,schizophrenic,1
2272,school,1
2273,schoolers,1
2274,schrader,2
2275,schultz,1
2276,sci,2
2277,science,1
2278,scientist,1
2279,score,3
2280,scot,1
2281,scream,1
2282,screamy,1
2283,screen,14
2284,screened,1
2285,screenplay,1
2286,screenwriter,3
2287,scrimm,1
2288,script,24
2289,scripted,1
2290,scripting,1
2291,scripts,1
2292,sculpture,1
2293,sea,3
2294,seamless,1
2295,seamlessly,1
2296,sean,1
2297,season,2
2298,seat,1
2299,second,6
2300,secondary,1
2301,secondly,1
2302,see,36
2303,seeing,7
2304,seem,4
2305,seemed,3
2306,seems,3
2307,seen,23
2308,selections,1
2309,self,7
2310,sells,1
2311,semi,1
2312,senior,1
2313,sense,3
2314,senses,2
2315,sensibility,1
2316,sensitivities,1
2317,sentiment,2
2318,seperate,1
2319,sequel,2
2320,sequels,1
2321,sequence,2
2322,sequences,1
2323,series,8
2324,serious,4
2325,seriously,3
2326,served,1
2327,set,3
2328,sets,4
2329,setting,2
2330,settings,1
2331,seuss,1
2332,several,2
2333,sex,1
2334,shakespear,2
2335,shakespears,1
2336,shallow,1
2337,shame,2
2338,shameful,1
2339,share,3
2340,sharing,1
2341,sharply,1
2342,shatner,1
2343,shattered,1
2344,she,12
2345,shed,2
2346,sheer,1
2347,shelf,1
2348,shell,1
2349,shelves,1
2350,shenanigans,1
2351,shepard,1
2352,shined,1
2353,shirley,1
2354,shocking,1
2355,shooting,1
2356,short,11
2357,shortlist,1
2358,shot,5
2359,shots,3
2360,should,11
2361,show,17
2362,showcasing,1
2363,showed,3
2364,shows,3
2365,shut,1
2366,sibling,1
2367,sick,2
2368,side,1
2369,sidelined,1
2370,sign,1
2371,significant,3
2372,silent,5
2373,silly,1
2374,simmering,1
2375,simplifying,1
2376,simply,10
2377,since,5
2378,sincere,1
2379,sing,1
2380,singing,3
2381,single,5
2382,sinister,1
2383,sink,1
2384,sinking,1
2385,sister,1
2386,sisters,2
2387,sit,1
2388,sitcoms,1
2389,site,1
2390,sites,1
2391,sits,1
2392,situation,2
2393,situations,1
2394,skilled,1
2395,skip,1
2396,slackers,1
2397,slavic,1
2398,sleep,2
2399,slideshow,1
2400,slightest,2
2401,slightly,1
2402,slimy,1
2403,sloppy,1
2404,slow,6
2405,slurs,1
2406,smack,1
2407,small,4
2408,smart,3
2409,smells,1
2410,smile,2
2411,smiling,1
2412,smith,1
2413,smoothly,1
2414,snider,1
2415,snow,1
2416,so,63
2417,soap,1
2418,sobering,1
2419,social,1
2420,soldiers,1
2421,sole,1
2422,solid,5
2423,solidifying,1
2424,solving,1
2425,some,27
2426,someone,3
2427,something,4
2428,sometimes,4
2429,somewhat,2
2430,son,2
2431,song,4
2432,songs,4
2433,soon,1
2434,sophisticated,1
2435,sorrentino,1
2436,sorry,1
2437,sort,3
2438,soul,2
2439,sound,6
2440,sounded,1
2441,sounds,1
2442,soundtrack,4
2443,sour,1
2444,south,3
2445,southern,1
2446,space,3
2447,spacek,1
2448,spacey,1
2449,span,1
2450,speak,3
2451,speaking,1
2452,special,9
2453,speed,2
2454,spend,1
2455,spent,3
2456,spew,1
2457,sphere,1
2458,spiffy,1
2459,splendid,1
2460,spock,1
2461,spoil,2
2462,spoiled,1
2463,spoiler,2
2464,spoilers,3
2465,spot,1
2466,spy,1
2467,squibs,1
2468,stable,1
2469,stage,3
2470,stagey,1
2471,stagy,1
2472,stand,2
2473,standout,1
2474,stanwyck,3
2475,star,4
2476,starlet,1
2477,starring,1
2478,stars,3
2479,start,2
2480,started,5
2481,starts,2
2482,state,1
2483,stay,2
2484,stayed,1
2485,stealing,1
2486,steamboat,1
2487,steele,1
2488,step,2
2489,stephen,1
2490,stereotypes,3
2491,stereotypically,1
2492,steve,2
2493,stewart,1
2494,stick,1
2495,still,14
2496,stinker,1
2497,stinks,2
2498,stocking,1
2499,stockings,1
2500,stoic,1
2501,store,2
2502,stories,4
2503,storm,1
2504,story,28
2505,storyline,4
2506,storytelling,1
2507,stowe,1
2508,strange,1
2509,stranger,1
2510,stratus,1
2511,straw,1
2512,street,1
2513,strident,1
2514,string,1
2515,strives,1
2516,strokes,1
2517,strong,5
2518,struck,2
2519,structure,1
2520,struggle,1
2521,stuart,1
2522,student,1
2523,students,1
2524,studio,2
2525,study,1
2526,stuff,1
2527,stunning,3
2528,stupid,14
2529,stupidity,1
2530,style,6
2531,stylized,1
2532,sub,3
2533,subject,1
2534,subjects,1
2535,sublime,2
2536,sublimely,1
2537,subplots,1
2538,subtitles,1
2539,subtle,7
2540,subversive,1
2541,subverting,1
2542,succeeded,1
2543,succeeds,1
2544,success,1
2545,such,12
2546,suck,1
2547,sucked,7
2548,sucks,8
2549,suffered,1
2550,suffering,2
2551,suggest,1
2552,suggests,1
2553,suited,1
2554,sum,2
2555,summary,2
2556,sundays,1
2557,super,3
2558,superb,5
2559,superbad,1
2560,superbly,2
2561,superficial,1
2562,superlative,1
2563,supernatural,1
2564,supporting,1
2565,supposed,2
2566,supposedly,2
2567,sure,3
2568,surely,1
2569,surf,1
2570,surface,1
2571,surprised,1
2572,surprises,1
2573,surprising,2
2574,surprisingly,3
2575,surrounding,2
2576,surroundings,1
2577,survivors,1
2578,suspense,8
2579,suspension,1
2580,sven,1
2581,swamp,1
2582,sweep,1
2583,sweet,1
2584,switched,1
2585,swords,1
2586,sydney,1
2587,sympathetic,1
2588,syrupy,1
2589,system,1
2590,tacky,1
2591,taelons,1
2592,take,6
2593,taken,1
2594,takes,2
2595,taking,2
2596,tale,4
2597,talent,2
2598,talented,3
2599,talents,1
2600,talk,5
2601,tanks,1
2602,taped,2
2603,tardis,1
2604,task,1
2605,taste,1
2606,taxidermists,1
2607,taylor,2
2608,teacher,1
2609,teaches,1
2610,team,1
2611,tear,1
2612,tears,1
2613,technically,1
2614,teddy,1
2615,tedium,1
2616,teen,1
2617,teenagers,1
2618,teeth,1
2619,telephone,1
2620,television,1
2621,tell,4
2622,telly,1
2623,temperaments,1
2624,ten,2
2625,tender,1
2626,tension,2
2627,tensions,1
2628,terminology,1
2629,terms,2
2630,terrible,12
2631,terribly,2
2632,terrific,5
2633,terror,1
2634,th,1
2635,than,24
2636,thanks,1
2637,that,165
2638,the,849
2639,theater,4
2640,theatre,1
2641,theatres,1
2642,theatrical,1
2643,their,15
2644,them,17
2645,theme,3
2646,themes,2
2647,themselves,4
2648,then,8
2649,therapy,1
2650,there,59
2651,these,9
2652,they,30
2653,thick,1
2654,thing,13
2655,things,12
2656,think,21
2657,thinking,3
2658,this,292
2659,thomerson,1
2660,thoroughly,3
2661,thorsen,1
2662,those,12
2663,though,11
2664,thought,12
2665,thoughts,2
2666,thousand,1
2667,thread,1
2668,three,4
2669,threshold,1
2670,thrilled,2
2671,thriller,5
2672,thrillers,1
2673,through,10
2674,throughout,6
2675,throwback,1
2676,thrown,3
2677,thug,1
2678,thumper,1
2679,thunderbirds,1
2680,thus,1
2681,ticker,1
2682,tickets,1
2683,tightly,1
2684,time,43
2685,timeless,1
2686,timely,1
2687,timers,1
2688,times,5
2689,timing,1
2690,tiny,1
2691,tired,1
2692,title,1
2693,titta,1
2694,to,253
2695,today,4
2696,together,7
2697,told,3
2698,tolerable,1
2699,tolerate,1
2700,tom,5
2701,tomorrow,1
2702,tone,1
2703,tongue,1
2704,tonight,1
2705,tons,1
2706,tony,1
2707,too,20
2708,took,2
2709,toons,1
2710,top,7
2711,tops,1
2712,torture,4
2713,tortured,1
2714,total,1
2715,totally,15
2716,touch,1
2717,touches,1
2718,touching,3
2719,tough,1
2720,towards,2
2721,towers,1
2722,townsend,1
2723,track,1
2724,tract,1
2725,traditional,1
2726,traffic,1
2727,trailer,1
2728,train,1
2729,tranquillity,1
2730,transcend,1
2731,transfers,1
2732,translate,1
2733,translating,1
2734,trap,1
2735,trash,4
2736,trashy,1
2737,treachery,1
2738,treasure,1
2739,treat,1
2740,treatments,1
2741,trek,1
2742,tremendous,1
2743,tremendously,2
2744,tries,1
2745,trilogy,3
2746,trinity,1
2747,trip,1
2748,triumphed,1
2749,trond,1
2750,trooper,1
2751,trouble,1
2752,truck,1
2753,true,4
2754,truly,9
2755,trumbull,1
2756,trumpeter,1
2757,truth,1
2758,try,4
2759,trying,4
2760,trysts,1
2761,tsunami,1
2762,tuneful,1
2763,turkey,1
2764,turn,3
2765,turned,2
2766,turns,2
2767,tv,8
2768,twice,2
2769,twirling,1
2770,twist,2
2771,twists,1
2772,two,13
2773,tying,1
2774,type,3
2775,typical,1
2776,ue,1
2777,ugliest,1
2778,ugly,1
2779,uhura,1
2780,ultra,1
2781,um,1
2782,unaccompanied,1
2783,unbearable,1
2784,unbearably,1
2785,unbelievable,4
2786,uncalled,1
2787,unconditional,1
2788,unconvincing,3
2789,under,3
2790,underacting,1
2791,underappreciated,1
2792,underbite,1
2793,underlines,1
2794,underlying,2
2795,underneath,2
2796,underrated,1
2797,understand,9
2798,understanding,1
2799,understated,2
2800,understatement,1
2801,understood,1
2802,undertone,1
2803,underwater,1
2804,undoubtedly,2
2805,uneasy,1
2806,unemployed,1
2807,unethical,1
2808,unfaithful,1
2809,unfolds,2
2810,unforgettable,1
2811,unfortunate,1
2812,unfortunately,4
2813,unfunny,2
2814,unintentionally,1
2815,uninteresting,2
2816,union,1
2817,unique,1
2818,uniqueness,1
2819,universal,1
2820,universe,1
2821,unless,1
2822,unlockable,1
2823,unmatched,1
2824,unmitigated,1
2825,unmoving,1
2826,unnecessary,1
2827,unneeded,1
2828,unoriginal,1
2829,unpleasant,1
2830,unpredictability,1
2831,unpredictable,2
2832,unrealistic,1
2833,unrecognizable,2
2834,unrecommended,1
2835,unremarkable,1
2836,unrestrained,1
2837,unsatisfactory,1
2838,until,2
2839,unwatchable,1
2840,up,21
2841,upa,1
2842,uplifting,2
2843,upper,1
2844,ups,4
2845,uptight,1
2846,ursula,1
2847,us,4
2848,use,6
2849,used,8
2850,user,1
2851,uses,2
2852,using,1
2853,ussr,1
2854,usual,4
2855,utter,1
2856,utterly,4
2857,valentine,1
2858,value,1
2859,values,3
2860,vampire,1
2861,vandiver,1
2862,variation,1
2863,ve,13
2864,vehicles,1
2865,ventura,1
2866,verbal,1
2867,verbatim,1
2868,versatile,1
2869,version,1
2870,versus,2
2871,very,65
2872,vessel,1
2873,veteran,1
2874,vey,1
2875,vibe,1
2876,victor,1
2877,video,2
2878,view,1
2879,viewer,1
2880,viewing,2
2881,views,1
2882,villain,1
2883,villains,1
2884,violence,1
2885,violin,1
2886,virtue,1
2887,virus,1
2888,vision,1
2889,visual,4
2890,visually,2
2891,vitally,1
2892,vivian,1
2893,vivid,1
2894,vocal,1
2895,voice,2
2896,volatile,1
2897,volcano,2
2898,vomit,2
2899,vomited,1
2900,voyage,1
2901,vulcan,1
2902,waiting,1
2903,waitress,1
2904,walk,1
2905,walked,2
2906,wall,2
2907,want,6
2908,wanted,2
2909,wanting,1
2910,wants,1
2911,war,3
2912,warmth,2
2913,warn,1
2914,warning,1
2915,wartime,1
2916,warts,1
2917,was,186
2918,washed,1
2919,washing,1
2920,wasn,7
2921,waste,14
2922,wasted,7
2923,waster,1
2924,wasting,1
2925,watch,17
2926,watchable,3
2927,watched,9
2928,watching,22
2929,water,2
2930,watkins,2
2931,watson,2
2932,wave,1
2933,way,23
2934,waylaid,1
2935,wayne,2
2936,ways,2
2937,wb,1
2938,we,10
2939,weak,3
2940,weaker,1
2941,weariness,1
2942,weaving,1
2943,website,1
2944,wedding,1
2945,weight,1
2946,weird,2
2947,well,35
2948,welsh,1
2949,went,1
2950,were,38
2951,weren,2
2952,what,22
2953,whatever,6
2954,whatsoever,3
2955,when,29
2956,whenever,1
2957,where,8
2958,whether,4
2959,which,22
2960,while,3
2961,whine,1
2962,whiny,2
2963,white,8
2964,whites,1
2965,who,39
2966,whoever,1
2967,whole,9
2968,wholesome,2
2969,whom,2
2970,why,6
2971,wide,1
2972,widmark,1
2973,wife,1
2974,wih,1
2975,wild,1
2976,wilkinson,3
2977,will,21
2978,william,1
2979,willie,1
2980,wily,1
2981,win,1
2982,wind,3
2983,wise,1
2984,wish,3
2985,with,90
2986,within,1
2987,without,4
2988,witticisms,1
2989,witty,2
2990,woa,1
2991,women,3
2992,won,5
2993,wonder,2
2994,wondered,1
2995,wonderful,18
2996,wonderfully,3
2997,wong,1
2998,wont,1
2999,woo,1
3000,wooden,2
3001,word,5
3002,words,3
3003,work,20
3004,worked,1
3005,working,3
3006,works,5
3007,world,6
3008,worry,1
3009,worse,11
3010,worst,11
3011,worth,13
3012,worthless,1
3013,worthwhile,1
3014,worthy,1
3015,would,24
3016,wouldn,3
3017,wouldnt,1
3018,woven,1
3019,wow,1
3020,wrap,1
3021,write,3
3022,writer,3
3023,writers,1
3024,writing,13
3025,written,7
3026,wrong,3
3027,wrote,1
3028,yardley,1
3029,yawn,1
3030,yeah,2
3031,year,5
3032,years,14
3033,yelps,1
3034,yes,3
3035,yet,5
3036,you,85
3037,young,4
3038,younger,1
3039,your,25
3040,yourself,1
3041,youthful,1
3042,youtube,1
3043,yun,1
3044,zillion,1
3045,zombie,2
3046,zombiez,1
